{
    "labels": [
        "IN",
        "SCC",
        "OUT",
        "Others"
    ],
    "real_percentages": [
        1.1512504962286623,
        0.6748709805478365,
        76.33981738785232,
        21.83406113537118
    ],
    "null_mean_percentages": [
        0.9552600238189757,
        0.35148868598650257,
        60.67332274712188,
        38.019928543072645
    ],
    "null_std_percentages": [
        0.3751289790165754,
        0.20292268531248087,
        20.19971657722943,
        20.30877590805815
    ]
}